Channel Name,Video Title,Views,Video ID,Categories
blueface bleedem,Blueface  - Baby Momma Drama [Official Music Video],306374,l4M-n66jH8Y,Music
60 Minutes,Deion Sanders: The 2023 60 Minutes Interview,2015077,h8PSWeRLGXs,News & Politics
Travis Hunter,Travis hunter VS The Dirtiest Team In College Football (Injury Update),517207,FpBAynpq3Dg,Gaming
ESPN College Football,Colorado State Rams vs. Colorado Buffaloes | Full Game Highlights,3792428,Gt5xDOQ0Y10,Sports
Cody Ko,Find the Real Pregnant Person,815599,6PKYTzjSZ1g,People & Blogs
Wall Street Journal,iOS 17: 17 New Features for Apple‚Äôs New iPhone Software Update | WSJ,1066281,F-kMfV9Dx1Y,News & Politics
Complex,Peso Pluma Goes Sneaker Shopping With Complex,603263,io9PtZsvICo,Entertainment
MrBeast,"$1 Vs $100,000,000 Car!",75393770,KrLj6nc516A,Entertainment
TD BRICKS,I turned VIDEO GAMES into LEGO...,1635975,2oKoNi7uRgc,Entertainment
MacRumors,iOS 17: All NEW Features You Need to Know!,361900,ej9lpaE3LiI,Science & Technology
MauLer,Star Wars cannot grow up,348916,Nlk8BaczaZY,Film & Animation
blink-182,blink-182 - ONE MORE TIME...,452369,aFaQWJcgTkQ,Music
TheRussianBadger,LORE ACCURATE VERGIL STOMPS MARVEL FOR $50 AND SOME DRIP | Marvel vs Capcom 3,1525915,T6YUo8CC2lI,Gaming
CFB ON FOX,Postgame Interview: Deion Sanders after Colorado's NAIL-BITING 2OT Victory over Colorado State,2465985,UPoBc2bsh2Y,Sports
The Cosmonaut Variety Hour,The Most Boring Transformers Movie So Far,322208,QTWjL4Ovqjo,Entertainment
Alpharad,"Pok√©mon, but I added 50+ NEW Types",1299624,ecwoUQRmzME,Gaming
SEC Shorts,SEC Shorts - Alabama and Tennessee are forced to take offensive tutoring,334522,4mAhg-AyK_Y,Comedy
Vox,How Republicans conquered Florida,451173,UpmwhkNg5Dw,News & Politics
Adult Swim,Season 7 Opening Credits | Rick and Morty | adult swim,309149,MTMbw3zKAfY,Film & Animation
JYP Entertainment,"A2K ep.20 ""Team Evaluation Rankings""",1046260,qOsnCgeU6N0,Music
NickiMinajAtVEVO,Nicki Minaj - Last Time I Saw You (Live on The 2023 MTV Video Music Awards),202081,Vt9LJZoValI,Music
Wirtual,The Single Greatest Record in Trackmania History,613985,8hrpj6tJ68Y,Gaming
Rugby World Cup,Fiji make HISTORY! |  Australia v Fiji | Rugby World Cup 2023 Match Highlights,1027356,IJlB2ZrYvCQ,Sports
WillNE,I Survived The Place Where It Never Gets Dark,1035624,IVZJC2ZPzqw,Entertainment
The Style Theorists,Style Theory: You‚Äôre Shaving Your Face WRONG!,754375,gI8h3AD5Dhk,Howto & Style
CFB ON FOX,Postgame Interview: Shedeur Sanders and Shilo Sanders after Colorado's 2OT victory over Colorado St.,1124041,_AWhwoFesmE,Sports
Resident Evil,Resident Evil 4 Separate Ways - Launch Trailer,915437,nHCK6Cbn3UM,Gaming
Asian Cricket Council,Super11 Asia Cup 2023 | Final | India vs Sri Lanka | Highlights,28708957,vdNrPdeEuYQ,Sports
Ryland vlogs,Facing Shane‚Äôs Biggest Fear,352240,ODFhHrt0rno,People & Blogs
BeardMeatsFood,TRYING TO BEAT THE SLICE RECORD AT GORDON RAMSAY'S BOTTOMLESS PIZZA RESTAURANT! | BeardMeatsFood,4446109,k1-el0W7ZR4,People & Blogs
Let Me Explain Studios,I had surgery... my body tried to drown me,673107,ZBhQVJuLD4U,Film & Animation
Ryan Reynolds,A few thoughts on Pumpkin Spice Season,176511,LaXPxnntOOk,Entertainment
DAZN Boxing,KSI vs. Tommy Fury: Face Off,2995647,tbjyR_JyljY,Sports
WJCL News,F-35 missing after pilot ejects somewhere over South Carolina,688848,igAt42sMsiU,News & Politics
Abroad in Japan,I Survived 48 Hours on Tokyo's HIDDEN Desert Island | Feat. @CDawgVA,708127,Z66XK3zu5Fs,Entertainment
Valefisk,The World's Most Dangerous Game,340588,FQmyuOmd_rE,Gaming
Eamon & Bec,We Added a New Bedroom to Our Cabin,444347,uj_shEbfE58,Travel & Events
Crunchyroll Collection,Luffy Defeats Kaido | One Piece,1018000,X6aDS_cYe-o,Film & Animation
Beast Philanthropy,We Helped Paralyzed Dogs Run Again,1700156,tzZoph8R3PY,People & Blogs
Summoning Salt,Mario: The Infamous History of Level 5-2,1342573,udQ_XUJt34M,Gaming
doctor4t,Turning my Worst Enemy Into my Strongest Ally with One Minecraft Mod,551983,s4POfzRYx3s,Gaming
NFL,Miami Dolphins vs. New England Patriots | 2023 Week 2 Game Highlights,1484355,Wvadap4QRSQ,Sports
UNDISPUTED,"Deion Sanders, Colorado defeat Colorado St. in double overtime thriller | CFB | UNDISPUTED",613724,yByZcZipt8g,Sports
NFL,New York Jets vs. Dallas Cowboys | 2023 Week 2 Game Highlights,1780975,V4IBFuWJGP4,Sports
mrnigelng,Uncle Roger LOVE The OG Uncle (Martin Yan),1029905,tY3RtnlS3kg,Comedy
NFL,New York Giants vs. Arizona Cardinals Game Highlights | NFL 2023 Week 2,1278589,b-hOJlARpJ4,Sports
SSundee,Evil PRIME in Among Us,1639396,nrBhXxYzepM,Gaming
Thee Pregame Show,"The Rock, Master P, Lil Wayne and The CU Buffs Pregame!",238296,xo3mRzB2UwE,Entertainment
GameGrumps,We react to our dumbest Wheel of Fortune guesses,268256,pab4_211aiM,Comedy
Yes Theory,$81 Got Me Locked in a Korean Prison,564119,hR24suBLmtY,Entertainment
NEN FAM,MY DAUGHTERS FIRST and LAST HIGH SCHOOL DANCE!! *GONE WRONG*,539180,HA8vPhqT0fo,Film & Animation
brewstewfilms,Brewstew - Busted Lip,737745,bMsdlCDqhtI,Comedy
Ryan Trahan,I Redesigned 100 Famous Logos,2140339,1ZJA3hbFZoY,Entertainment
jmancurly Reacts,Reacting to My Old Videos...,239275,LcPJyDplVhM,Entertainment
WWE on USA,THE ROCK RETURNS TO SMACKDOWN! | WWE SmackDown Highlights 9/15/23 | WWE on USA,1865494,a2RSyporko8,Sports
SmarterEveryDay,ROBOFORMING: The Future of Metalworking? (I Had NO IDEA This Was Possible) - Smarter Every Day 290,1901315,dCXu8Ju_fdY,Science & Technology
Alan Becker,The Chef - Animation vs. Minecraft Shorts Ep 32,6003144,7UPEJjZ0UAE,Film & Animation
rekrap2,Losing my 10 year old Minecraft Account,235886,-r-NwC1gxxw,Gaming
Ben Azelart,"I BUILT A $25,000 DREAM DOG HOUSE!!",2236382,qMI3AZQAjmI,Entertainment
John Malecki,"I Bought Another Pallet of Home Depot Tool Returns for $3,400",204886,Qrdmj_E92xk,Howto & Style
DrakeVEVO,Drake - Slime You Out ft. SZA (Official Audio),2174880,2_gLD1jarfU,Music
Vanwives,Why We're Gone?,149910,tp5o92mknNQ,People & Blogs
Duke Dennis Gaming,Finally Played My First Mypark Game On NBA 2K24 With My Stretch Build...,533540,zt0jAEoNd3A,Gaming
EA SPORTS UFC,UFC 5 First Look Trailer | Gameplay & Features,310003,pGT2HGue-Hc,Sports
Sexyy Red,"Sexyy Red ft. Lil Durk ""Hellcats SRTs 2"" (Official Video)",735197,cn8jMvmCEzQ,Music
Dangie Bros,We Upgraded our Homemade Bike Camper!,599262,pENBDKdCh1c,Entertainment
WolfeyVGC,How Good are the New Pokemon from the Teal Mask?,416543,6i9EWYABulo,Gaming
SHOWTIME Sports,ALL ACCESS: Canelo vs. Jermell Charlo | Ep 2 | Full Episode | SHOWTIME PPV,929777,Ly0lKgqfX-s,Sports
Moriah Elizabeth,Squishy Makeovers: Squishies I've Been Avoiding,1191766,lY3tF_Aweik,Entertainment
Brandon Rogers,Blitz√∏ VS Grandpa,1172942,WGSo4RJiTus,Music
SunlessKhan,Rocket League made a huge mistake in the new update,389857,VWC1j5LAQM0,Gaming
FC Barcelona,BAR√áA 5-0 BETIS | LALIGA 2023/24 MD5,2790958,VOsXXQqaSfk,Sports
JStu,"$10 vs $5,000 Homemade Shelters! *OVERNIGHT SURVIVAL*",649353,oxm1ZMLIY4I,Entertainment
Josh Strife Hayes,Worst MMO Ever? - Sherwood Dungeon,302744,t5p6GXXzCWk,Entertainment
GregsGadgets,iPhone 15 Pro - EVERYONE is WRONG!,314202,mLR1fAuyY8E,Science & Technology
Hacksmith Industries,It's time to become BATMAN!,524754,0LcFmLWsmgw,Science & Technology
NRL - National Rugby League,NRL 2023 | Broncos v Storm | Match Highlights,184161,a-R4K11bcwg,Sports
WWE,"The Rock comes face-to-face with John Cena: SmackDown highlights, Sept. 15, 2023",1809313,o7D02IdNuL8,Sports
FunkyFrogBait,Trying DISGUSTING TikTok Recipes,613538,LqpedpNN9vk,Comedy
SolarBalls,Pluto and the Dwarf Planets,436648,GcpA6Pbslrw,Education
Jeb Brooks,ECONOMY CLASS on THREE Airlines in ONE DAY! (Which is best?),170741,juT7NAlrx5w,Travel & Events
ESPN,Deion Sanders addresses Jay Norvell's comments and talks Shedeur's future | First Take,1569813,zDNJ5mf4S4g,Sports
Nintendo of America,Nintendo Direct 9.14.2023 - Nintendo Switch,4071301,rfYfuAOKTxA,Gaming
PewDiePie,dad life,2703183,_sPXXL9YXok,Gaming
Official Brighton & Hove Albion FC,PL Highlights: Manchester United 1 Brighton 3,2696993,PbBx05BUGMg,Sports
The United Stand,DISGRACE! MANCHESTER UNITED 1-3 BRIGHTON! GOLDBRIDGE Reaction,544065,2rP5eSSg8II,Sports
OffsetVEVO,Offset - FAN (Official Music Video),1625946,Mt6wxhwMBs4,Music
Alexandra Gater,*Moody* Bedroom Makeover With DIY Reading Window Bench,170967,tFyDe_ny9Tk,Howto & Style
NBC Sports,Tottenham Hotspur v. Sheffield United | PREMIER LEAGUE HIGHLIGHTS | 9/16/2023 | NBC Sports,429794,AN__Xxf__Ns,Sports
NBC Sports,West Ham United v. Manchester City | PREMIER LEAGUE HIGHLIGHTS | 9/16/2023 | NBC Sports,507362,gsMPK2m2RQM,Sports
DC,Aquaman and the Lost Kingdom | Trailer,6079368,FV3bqvOHRQo,Film & Animation
PlayStation,Marvel's Spider-Man 2 - Expanded Marvel's New York | PS5 Games,2644805,grZigSpVDno,Gaming
PlayStation,"State of Play | September 14, 2023",1564321,fGqt3DESGIs,Entertainment
TateMcRaeVEVO,Tate McRae - greedy (Official Video),278991,To4SWGZkEPk,Music
FINAL FANTASY,FINAL FANTASY VII REBIRTH - Release Date Announce Trailer,406012,lNVL-ygqw3w,Gaming
Paramount Plus,Frasier (2023) | Official Trailer | Paramount+,1668867,oz--6tGukuw,Entertainment
Lauren Giraldo,my positive birth vlog,248693,gHICtJa4pmU,Entertainment
Cardi B,Cardi B - Bongos feat. Megan Thee Stallion (Official VMA Performance),1209057,OrZIQTNmfvI,Music
Steve Wallis,Camping On Abandoned Highway,408449,S0EykVi_2e0,People & Blogs
SZAVEVO,SZA - Snooze (Acoustic) (Audio) ft. Justin Bieber,235288,muPO1c6pxXg,Music
Apex Legends,Apex Legends: Harbingers Collection Event Trailer,431236,r3Y2QeLYcwI,Gaming
Jatie Vlogs,First 48 Hours With Our Baby Girl,353620,X5kCA6GmnCk,Entertainment
MTV,"Shakira - ""Hips Don't Lie"" / ""Objection (Tango)"" / ""Whenever, Wherever"" & More | 2023 VMAs",11574984,zAxmn4ihqNg,Entertainment
RodWave,Rod Wave - Checkmate (Official Video),1497501,FRuKYOzeoRk,Music
NFL,Minnesota Vikings vs. Philadelphia Eagles | 2023 Week 2 Game Highlights,1734578,YnxLERDZRxQ,Sports
Still Watching Netflix,A very special message from Eiichiro Oda | ONE PIECE | Netflix,764379,pJXN6MhF3js,Entertainment
Cyberpunk 2077,Cyberpunk 2077: Phantom Liberty ‚Äî Official Cinematic Trailer,690083,sJbexcm4Trk,Gaming
Loossemble,Loossemble (Î£®ÏÖàÎ∏î) - 'Sensitive' MV,204449,MMK3L4W70g4,People & Blogs
Grupo Frontera,Grupo Frontera x Junior H - EN ALTAVOZ (Video Oficial),526741,AobUMrao2X8,Music
Nintendo of America,Paper Mario: The Thousand-Year Door - Nintendo Direct 9.14.2023,711110,8Ume5pSIcKE,Gaming
Max,Our Flag Means Death Season 2 | Official Trailer | Max,308404,y0fVBD2ltBw,Entertainment
Marques Brownlee,iPhone 15/15 Pro Impressions: Not Just USB-C!,9976050,enR58PYHaWw,Science & Technology
Apple,Apple Event - September 12,29016488,ZiP1l7jlIIA,Science & Technology
Dylan Is In Trouble,Watching ONLY the FIRST and LAST Episode of *Riverdale*,346877,Q1Krljom8TI,Entertainment
dojacatVEVO,Doja Cat - Balut (Audio),236169,e20e-KRk-R8,Music
Sleepy Hallow,Sleepy Hallow - A N X I E T Y (Lyric Video) feat. Doechii,57036,kt9aDuuYJIk,Music
Max Fosh,I Hired Special Forces To Beat My Friends At Paintball,1418752,Rte7VuVEwCA,Comedy
Dream Perfect Regime,DPR IAN- So I Danced (Official Music Video),170709,Tcz0Ho0ndA4,Music
Halle,Halle - Angel (Acoustic Performance),169251,FIXAoMBTQJQ,People & Blogs
Steve Mould,"This ""perpetual motion"" device is really clever",915590,r_LG8FDt51U,Science & Technology
Diddy,"Another One of Me [Official Music Video] - Diddy ft. The Weeknd, 21 Savage, French Montana",123544,9dosj6p1DqY,Music
The Sims,The Sims 4 Home Chef Hustle Stuff Pack: Official Reveal Trailer,207724,H9yCsY_aGvI,Gaming
videogamedunkey,How to be a Good Game Reviewer,1385870,kAIVMhja4CI,Gaming
Innersloth,Among Us - The Fungle - Map 5 Reveal Trailer üçÑüó∫Ô∏è  omggggggggggg,329170,qAsIwRXCq-I,Gaming
Magnus Midtb√∏,I'm going back to competing !!!,472459,CU4008k0gDE,Sports
SmallAnt,CHAT PICKS MUSIC (While I speedrun Peggle),546777,BpTkGcnxBv4,Gaming
Jesser,"Make The Shot, Win The Prize (ft. FaZe Rug)",462206,V2dYp9TTXkQ,Sports
iJustine,Hands on with NEW iPhone 15 and 15 Pros!,604923,dxiC-eEyC78,Science & Technology
MandJTV Extra,Pok√©mon Scarlet - The Teal Mask (Part 1),403931,0UEKKqSlJWU,Gaming
Rick Shiels Golf,Rick Shiels X Bob Does Sports 2v2 scramble!!,443988,PhKEC1WSjWY,Sports
The LaBrant Fam,baby 5// why we homeschool// adoption,209991,AF_u1vkou6I,People & Blogs
The Escapist,Starfield (Zero Punctuation),506744,2zqY4d_-VNY,Gaming
Rich Rebuilds,"Why Mclaren's $156,000 battery is a complete ripoff",310930,lQHJGmxC7_Y,Autos & Vehicles
Schaffrillas Productions,Wario the Idea vs. Wario the Man (Character Analysis),216932,jSzc28SIvKQ,Entertainment
Austin John Plays,"Shiny Locked & Gift Pokemon, BOXES ARE FIXED, & New DLC Features - Pok√©mon Scarlet and Violet DLC",393404,qQa2oKyMedU,Gaming
Carter Sharer,I Bought Michael Jordan's SECRET Mansion!,468675,-fptOU6TV50,Entertainment
Tavarish,"Rebuilding A Flooded $2,000,000 McLaren P1 | Part 9",1473452,Uj_ZfSyA1Z4,Autos & Vehicles
Unbox Therapy,iPhone 15 and iPhone 15 Pro Colors (Mockups),1303515,82DgSYIfmcE,Science & Technology
